id_waktu,id_lokasi,id_unit_peternakan,date,jumlah_produksi
8591,46315,10,2022-09-16,17.3
8592,46315,10,2022-09-17,19.0
8593,46315,10,2022-09-18,18.46
8594,46315,10,2022-09-19,20.22
8595,46315,10,2022-09-20,18.69
8596,46315,10,2022-09-21,20.06
8597,46315,10,2022-09-22,19.93
8598,46315,10,2022-09-23,19.1
8599,46315,10,2022-09-24,19.43
8600,46315,10,2022-09-25,18.13
8601,46315,10,2022-09-26,18.85
8602,46315,10,2022-09-27,20.27
8603,46315,10,2022-09-28,18.8
8604,46315,10,2022-09-29,18.91
8605,46315,10,2022-09-30,18.38
8607,46315,10,2022-10-01,18.41
8608,46315,10,2022-10-02,19.45
8609,46315,10,2022-10-03,18.97
8610,46315,10,2022-10-04,20.72
8611,46315,10,2022-10-05,19.95
8612,46315,10,2022-10-06,20.14
8613,46315,10,2022-10-07,20.44
8614,46315,10,2022-10-08,20.08
8615,46315,10,2022-10-09,19.32
8616,46315,10,2022-10-10,19.35
8617,46315,10,2022-10-11,19.95
8618,46315,10,2022-10-12,19.96
8619,46315,10,2022-10-13,19.76
8620,46315,10,2022-10-14,19.2
8621,46315,10,2022-10-15,19.1
8622,46315,10,2022-10-16,19.09
8623,46315,10,2022-10-17,22.15
8624,46315,10,2022-10-18,22.11
8625,46315,10,2022-10-19,19.69
8626,46315,10,2022-10-20,18.69
8627,46315,10,2022-10-21,19.05
8628,46315,10,2022-10-22,18.99
8629,46315,10,2022-10-23,18.47
8630,46315,10,2022-10-24,18.09
8631,46315,10,2022-10-25,17.4
8632,46315,10,2022-10-26,11.83
8633,46315,10,2022-10-27,10.0
8634,46315,10,2022-10-28,17.1
8635,46315,10,2022-10-29,17.4
8636,46315,10,2022-10-30,16.83
8637,46315,10,2022-10-31,16.5
8639,46315,10,2022-11-01,16.7
8640,46315,10,2022-11-02,16.5
8641,46315,10,2022-11-03,16.65
8642,46315,10,2022-11-04,18.83
8643,46315,10,2022-11-05,19.3
8644,46315,10,2022-11-06,17.33
8645,46315,10,2022-11-07,17.08
8646,46315,10,2022-11-08,17.45
8647,46315,10,2022-11-09,19.55
8648,46315,10,2022-11-10,19.51
8649,46315,10,2022-11-11,18.29
8650,46315,10,2022-11-12,19.3
8651,46315,10,2022-11-13,18.35
8652,46315,10,2022-11-14,18.68
8653,46315,10,2022-11-15,18.78
8654,46315,10,2022-11-16,19.55
8655,46315,10,2022-11-17,18.32
8656,46315,10,2022-11-18,19.0
8657,46315,10,2022-11-19,19.43
8658,46315,10,2022-11-20,18.04
8659,46315,10,2022-11-21,19.29
8660,46315,10,2022-11-22,20.3
8661,46315,10,2022-11-23,18.6
8662,46315,10,2022-11-24,18.6
8663,46315,10,2022-11-25,19.7
8664,46315,10,2022-11-26,19.15
8665,46315,10,2022-11-27,18.62
8666,46315,10,2022-11-28,15.55
8667,46315,10,2022-11-29,15.0
8668,46315,10,2022-11-30,14.67
8670,46315,10,2022-12-01,16.07
8671,46315,10,2022-12-02,15.42
8672,46315,10,2022-12-03,16.1
8673,46315,10,2022-12-04,15.55
8674,46315,10,2022-12-05,16.2
8675,46315,10,2022-12-06,18.1
8676,46315,10,2022-12-07,17.2
8677,46315,10,2022-12-08,20.16
8678,46315,10,2022-12-09,19.55
8679,46315,10,2022-12-10,19.87
8680,46315,10,2022-12-11,18.3
8681,46315,10,2022-12-12,18.2
8682,46315,10,2022-12-13,18.5
8683,46315,10,2022-12-14,17.5
8684,46315,10,2022-12-15,18.4
8685,46315,10,2022-12-16,18.32
8686,46315,10,2022-12-17,17.54
8687,46315,10,2022-12-18,17.25
8688,46315,10,2022-12-19,19.08
8689,46315,10,2022-12-20,19.27
8690,46315,10,2022-12-21,18.75
8691,46315,10,2022-12-22,18.47
8692,46315,10,2022-12-23,18.65
8693,46315,10,2022-12-24,18.8
8694,46315,10,2022-12-25,19.2
8695,46315,10,2022-12-26,19.05
8696,46315,10,2022-12-27,18.83
8697,46315,10,2022-12-28,19.44
8698,46315,10,2022-12-29,19.1
8699,46315,10,2022-12-30,18.19
8700,46315,10,2022-12-31,19.53
8703,46315,10,2023-01-01,18.61
8704,46315,10,2023-01-02,18.45
8705,46315,10,2023-01-03,18.58
8706,46315,10,2023-01-04,18.4
8707,46315,10,2023-01-05,17.98
8708,46315,10,2023-01-06,18.99
8709,46315,10,2023-01-07,19.18
8710,46315,10,2023-01-08,18.34
8711,46315,10,2023-01-09,17.74
8712,46315,10,2023-01-10,16.9
8713,46315,10,2023-01-11,16.7
8714,46315,10,2023-01-12,16.94
8715,46315,10,2023-01-13,16.93
8716,46315,10,2023-01-14,17.19
8717,46315,10,2023-01-15,16.93
8718,46315,10,2023-01-16,15.98
8719,46315,10,2023-01-17,15.5
8720,46315,10,2023-01-18,16.32
8721,46315,10,2023-01-19,16.4
8722,46315,10,2023-01-20,12.0
8723,46315,10,2023-01-21,12.5
8724,46315,10,2023-01-22,17.23
8725,46315,10,2023-01-23,17.86
8726,46315,10,2023-01-24,17.88
8727,46315,10,2023-01-25,17.7
8728,46315,10,2023-01-26,17.65
8729,46315,10,2023-01-27,17.45
8730,46315,10,2023-01-28,17.2
8731,46315,10,2023-01-29,17.0
8732,46315,10,2023-01-30,16.4
8733,46315,10,2023-01-31,17.57
8735,46315,10,2023-02-01,16.17
8736,46315,10,2023-02-02,17.11
8737,46315,10,2023-02-03,15.58
8738,46315,10,2023-02-04,15.49
8739,46315,10,2023-02-05,15.58
8740,46315,10,2023-02-06,15.2
8741,46315,10,2023-02-07,14.95
8742,46315,10,2023-02-08,14.65
8743,46315,10,2023-02-09,16.15
8744,46315,10,2023-02-10,16.11
8745,46315,10,2023-02-11,16.28
8746,46315,10,2023-02-12,15.5
8747,46315,10,2023-02-13,15.0
8748,46315,10,2023-02-14,14.4
8749,46315,10,2023-02-15,14.0
8750,46315,10,2023-02-16,14.4
8751,46315,10,2023-02-17,13.6
8752,46315,10,2023-02-18,13.48
8753,46315,10,2023-02-19,13.8
8754,46315,10,2023-02-20,13.75
8755,46315,10,2023-02-21,13.7
8756,46315,10,2023-02-22,14.45
8757,46315,10,2023-02-23,14.56
8758,46315,10,2023-02-24,14.81
8759,46315,10,2023-02-25,14.64
8760,46315,10,2023-02-26,14.08
8761,46315,10,2023-02-27,13.82
8762,46315,10,2023-02-28,13.75
8764,46315,10,2023-03-01,13.7
8765,46315,10,2023-03-02,14.64
8766,46315,10,2023-03-03,15.55
8767,46315,10,2023-03-04,16.2
8768,46315,10,2023-03-05,18.1
8769,46315,10,2023-03-06,17.2
8770,46315,10,2023-03-07,20.16
8771,46315,10,2023-03-08,19.55
8772,46315,10,2023-03-09,19.87
8773,46315,10,2023-03-10,18.3
8774,46315,10,2023-03-11,18.2
8775,46315,10,2023-03-12,18.5
8776,46315,10,2023-03-13,17.5
8777,46315,10,2023-03-14,18.4
8778,46315,10,2023-03-15,18.32
8779,46315,10,2023-03-16,17.54
8780,46315,10,2023-03-17,17.25
8781,46315,10,2023-03-18,19.08
8782,46315,10,2023-03-19,19.27
8783,46315,10,2023-03-20,18.75
8784,46315,10,2023-03-21,18.47
8785,46315,10,2023-03-22,18.65
8786,46315,10,2023-03-23,18.8
8787,46315,10,2023-03-24,19.2
8788,46315,10,2023-03-25,19.05
8789,46315,10,2023-03-26,18.83
8790,46315,10,2023-03-27,19.44
8791,46315,10,2023-03-28,19.1
8792,46315,10,2023-03-29,18.19
8793,46315,10,2023-03-30,19.53
8794,46315,10,2023-03-31,18.61
8796,46315,10,2023-04-01,18.45
8797,46315,10,2023-04-02,18.58
8798,46315,10,2023-04-03,18.4
8799,46315,10,2023-04-04,17.98
8800,46315,10,2023-04-05,18.99
8801,46315,10,2023-04-06,19.18
8802,46315,10,2023-04-07,18.34
8803,46315,10,2023-04-08,17.74
8804,46315,10,2023-04-09,16.9
8805,46315,10,2023-04-10,16.7
8806,46315,10,2023-04-11,16.94
8807,46315,10,2023-04-12,16.93
8808,46315,10,2023-04-13,17.19
8809,46315,10,2023-04-14,16.93
8810,46315,10,2023-04-15,15.98
8811,46315,10,2023-04-16,15.5
8812,46315,10,2023-04-17,16.32
8813,46315,10,2023-04-18,16.4
8814,46315,10,2023-04-19,12.0
8815,46315,10,2023-04-20,12.0
8816,46315,10,2023-04-21,17.23
8817,46315,10,2023-04-22,17.86
8818,46315,10,2023-04-23,17.88
8819,46315,10,2023-04-24,17.7
8820,46315,10,2023-04-25,17.65
8821,46315,10,2023-04-26,17.45
8822,46315,10,2023-04-27,17.2
8823,46315,10,2023-04-28,17.0
8824,46315,10,2023-04-29,16.4
8825,46315,10,2023-04-30,17.57
8827,46315,10,2023-05-01,16.17
8828,46315,10,2023-05-02,17.11
8829,46315,10,2023-05-03,15.58
8830,46315,10,2023-05-04,15.49
8831,46315,10,2023-05-05,15.58
8832,46315,10,2023-05-06,15.2
8833,46315,10,2023-05-07,14.95
8834,46315,10,2023-05-08,14.65
8835,46315,10,2023-05-09,16.15
8836,46315,10,2023-05-10,16.11
8837,46315,10,2023-05-11,16.28
8838,46315,10,2023-05-12,15.5
8839,46315,10,2023-05-13,15.0
8840,46315,10,2023-05-14,14.4
8841,46315,10,2023-05-15,14.0
8842,46315,10,2023-05-16,14.4
8843,46315,10,2023-05-17,13.6
8844,46315,10,2023-05-18,13.48
8845,46315,10,2023-05-19,13.8
8846,46315,10,2023-05-20,13.75
8847,46315,10,2023-05-21,13.7
8848,46315,10,2023-05-22,14.45
8849,46315,10,2023-05-23,14.56
8850,46315,10,2023-05-24,14.81
8851,46315,10,2023-05-25,14.64
8852,46315,10,2023-05-26,14.08
8853,46315,10,2023-05-27,13.82
8854,46315,10,2023-05-28,13.75
8855,46315,10,2023-05-29,14.65
8856,46315,10,2023-05-30,16.07
8857,46315,10,2023-05-31,15.42
8859,46315,10,2023-06-01,16.1
8860,46315,10,2023-06-02,15.55
8861,46315,10,2023-06-03,16.2
8862,46315,10,2023-06-04,18.1
8863,46315,10,2023-06-05,17.2
8864,46315,10,2023-06-06,20.16
8865,46315,10,2023-06-07,19.55
8866,46315,10,2023-06-08,19.87
8867,46315,10,2023-06-09,18.3
8868,46315,10,2023-06-10,18.2
8869,46315,10,2023-06-11,18.5
8870,46315,10,2023-06-12,17.5
8871,46315,10,2023-06-13,18.4
8872,46315,10,2023-06-14,18.32
8873,46315,10,2023-06-15,17.54
8874,46315,10,2023-06-16,17.25
8875,46315,10,2023-06-17,19.08
8876,46315,10,2023-06-18,19.27
8877,46315,10,2023-06-19,18.75
8878,46315,10,2023-06-20,18.47
8879,46315,10,2023-06-21,18.65
8880,46315,10,2023-06-22,18.8
8881,46315,10,2023-06-23,19.2
8882,46315,10,2023-06-24,19.05
8883,46315,10,2023-06-25,18.83
8884,46315,10,2023-06-26,19.44
8885,46315,10,2023-06-27,19.1
8886,46315,10,2023-06-28,18.19
8887,46315,10,2023-06-29,19.53
8888,46315,10,2023-06-30,18.61
8890,46315,10,2023-07-01,18.45
8891,46315,10,2023-07-02,18.58
8892,46315,10,2023-07-03,18.4
8893,46315,10,2023-07-04,17.98
8894,46315,10,2023-07-05,18.99
8895,46315,10,2023-07-06,19.18
8896,46315,10,2023-07-07,18.34
8897,46315,10,2023-07-08,17.74
8898,46315,10,2023-07-09,16.9
8899,46315,10,2023-07-10,16.7
8900,46315,10,2023-07-11,16.94
8901,46315,10,2023-07-12,16.93
8902,46315,10,2023-07-13,17.19
8903,46315,10,2023-07-14,16.93
8904,46315,10,2023-07-15,15.98
8905,46315,10,2023-07-16,15.5
8906,46315,10,2023-07-17,16.32
8907,46315,10,2023-07-18,16.4
8908,46315,10,2023-07-19,13.0
8909,46315,10,2023-07-20,13.5
8910,46315,10,2023-07-21,17.23
8911,46315,10,2023-07-22,17.86
8912,46315,10,2023-07-23,17.88
8913,46315,10,2023-07-24,17.7
8914,46315,10,2023-07-25,17.65
8915,46315,10,2023-07-26,17.45
8916,46315,10,2023-07-27,17.2
8917,46315,10,2023-07-28,17.0
8918,46315,10,2023-07-29,16.4
8919,46315,10,2023-07-30,17.57
8920,46315,10,2023-07-31,16.17
8922,46315,10,2023-08-01,17.11
8923,46315,10,2023-08-02,15.58
8924,46315,10,2023-08-03,15.49
8925,46315,10,2023-08-04,15.58
8926,46315,10,2023-08-05,15.2
8927,46315,10,2023-08-06,14.95
8928,46315,10,2023-08-07,14.65
8929,46315,10,2023-08-08,16.15
8930,46315,10,2023-08-09,16.11
8931,46315,10,2023-08-10,16.28
8932,46315,10,2023-08-11,15.5
8933,46315,10,2023-08-12,15.0
8934,46315,10,2023-08-13,14.4
8935,46315,10,2023-08-14,14.0
8936,46315,10,2023-08-15,14.4
8937,46315,10,2023-08-16,13.6
8938,46315,10,2023-08-17,13.48
8939,46315,10,2023-08-18,13.8
8940,46315,10,2023-08-19,13.75
8941,46315,10,2023-08-20,13.7
8942,46315,10,2023-08-21,14.45
8943,46315,10,2023-08-22,14.56
8944,46315,10,2023-08-23,9.94
8945,46315,10,2023-08-24,14.64
8946,46315,10,2023-08-25,14.08
8947,46315,10,2023-08-26,13.82
8948,46315,10,2023-08-27,13.75
8949,46315,10,2023-08-28,13.7
8950,46315,10,2023-08-29,14.64
8951,46315,10,2023-08-30,15.55
8952,46315,10,2023-08-31,16.2
8954,46315,10,2023-09-01,18.1
8955,46315,10,2023-09-02,17.2
8956,46315,10,2023-09-03,20.16
8957,46315,10,2023-09-04,19.55
8958,46315,10,2023-09-05,19.87
8959,46315,10,2023-09-06,18.3
8960,46315,10,2023-09-07,18.2
8961,46315,10,2023-09-08,18.5
8962,46315,10,2023-09-09,17.5
8963,46315,10,2023-09-10,18.4
8964,46315,10,2023-09-11,18.32
8965,46315,10,2023-09-12,17.54
8966,46315,10,2023-09-13,17.25
8967,46315,10,2023-09-14,19.08
8968,46315,10,2023-09-15,19.27
8969,46315,10,2023-09-16,18.75
8970,46315,10,2023-09-17,18.47
8971,46315,10,2023-09-18,18.65
8972,46315,10,2023-09-19,18.8
8973,46315,10,2023-09-20,19.2
8974,46315,10,2023-09-21,19.05
8975,46315,10,2023-09-22,18.83
8976,46315,10,2023-09-23,12.31
8977,46315,10,2023-09-24,19.1
8978,46315,10,2023-09-25,18.19
8979,46315,10,2023-09-26,19.53
8980,46315,10,2023-09-27,18.61
8981,46315,10,2023-09-28,18.45
8982,46315,10,2023-09-29,18.58
8983,46315,10,2023-09-30,18.4
8985,46315,10,2023-10-01,17.98
8986,46315,10,2023-10-02,18.99
8987,46315,10,2023-10-03,19.18
8988,46315,10,2023-10-04,18.34
8989,46315,10,2023-10-05,17.74
8990,46315,10,2023-10-06,16.9
8991,46315,10,2023-10-07,16.7
8992,46315,10,2023-10-08,16.94
8993,46315,10,2023-10-09,16.93
8994,46315,10,2023-10-10,17.19
8995,46315,10,2023-10-11,16.93
8996,46315,10,2023-10-12,15.98
8997,46315,10,2023-10-13,15.5
8998,46315,10,2023-10-14,16.32
8999,46315,10,2023-10-15,16.4
9000,46315,10,2023-10-16,12.0
9001,46315,10,2023-10-17,12.0
9002,46315,10,2023-10-18,17.23
9003,46315,10,2023-10-19,17.86
9004,46315,10,2023-10-20,17.88
9005,46315,10,2023-10-21,17.7
9006,46315,10,2023-10-22,17.65
9007,46315,10,2023-10-23,12.15
9008,46315,10,2023-10-24,17.2
9009,46315,10,2023-10-25,17.0
9010,46315,10,2023-10-26,16.4
9011,46315,10,2023-10-27,17.57
9012,46315,10,2023-10-28,16.17
9013,46315,10,2023-10-29,17.11
9014,46315,10,2023-10-30,15.58
9015,46315,10,2023-10-31,15.49
9017,46315,10,2023-11-01,17.3
9018,46315,10,2023-11-02,19.0
9019,46315,10,2023-11-03,18.46
9020,46315,10,2023-11-04,20.22
9021,46315,10,2023-11-05,18.69
9022,46315,10,2023-11-06,20.06
9023,46315,10,2023-11-07,19.93
9024,46315,10,2023-11-08,19.1
9025,46315,10,2023-11-09,19.43
9026,46315,10,2023-11-10,18.13
9027,46315,10,2023-11-11,18.85
9028,46315,10,2023-11-12,20.27
9029,46315,10,2023-11-13,18.8
9030,46315,10,2023-11-14,18.91
9031,46315,10,2023-11-15,18.38
9032,46315,10,2023-11-16,18.41
9033,46315,10,2023-11-17,19.45
9034,46315,10,2023-11-18,18.97
9035,46315,10,2023-11-19,20.72
9036,46315,10,2023-11-20,19.95
9037,46315,10,2023-11-21,20.14
9038,46315,10,2023-11-22,20.44
9039,46315,10,2023-11-23,20.08
9040,46315,10,2023-11-24,19.32
9041,46315,10,2023-11-25,19.35
9042,46315,10,2023-11-26,19.95
9043,46315,10,2023-11-27,19.96
9044,46315,10,2023-11-28,13.42
9045,46315,10,2023-11-29,19.2
9046,46315,10,2023-11-30,19.1
9048,46315,10,2023-12-01,19.09
9049,46315,10,2023-12-02,22.15
9050,46315,10,2023-12-03,22.11
9051,46315,10,2023-12-04,19.69
9052,46315,10,2023-12-05,18.69
9053,46315,10,2023-12-06,19.05
9054,46315,10,2023-12-07,18.99
9055,46315,10,2023-12-08,18.47
9056,46315,10,2023-12-09,18.09
9057,46315,10,2023-12-10,17.4
9058,46315,10,2023-12-11,11.83
9059,46315,10,2023-12-12,12.0
9060,46315,10,2023-12-13,17.1
9061,46315,10,2023-12-14,17.4
9062,46315,10,2023-12-15,16.83
9063,46315,10,2023-12-16,16.5
9064,46315,10,2023-12-17,16.7
9065,46315,10,2023-12-18,16.5
9066,46315,10,2023-12-19,16.65
9067,46315,10,2023-12-20,18.83
9068,46315,10,2023-12-21,19.3
9069,46315,10,2023-12-22,17.33
9070,46315,10,2023-12-23,17.08
9071,46315,10,2023-12-24,17.45
9072,46315,10,2023-12-25,12.18
9073,46315,10,2023-12-26,19.51
9074,46315,10,2023-12-27,18.29
9075,46315,10,2023-12-28,19.3
9076,46315,10,2023-12-29,18.35
9077,46315,10,2023-12-30,18.68
9078,46315,10,2023-12-31,18.78
9081,46315,10,2024-01-01,19.55
9082,46315,10,2024-01-02,18.32
9083,46315,10,2024-01-03,19.0
9084,46315,10,2024-01-04,19.43
9085,46315,10,2024-01-05,18.04
9086,46315,10,2024-01-06,19.29
9087,46315,10,2024-01-07,20.3
9088,46315,10,2024-01-08,18.6
9089,46315,10,2024-01-09,18.6
9090,46315,10,2024-01-10,19.7
9091,46315,10,2024-01-11,19.15
9092,46315,10,2024-01-12,18.62
9093,46315,10,2024-01-13,15.55
9094,46315,10,2024-01-14,15.0
9095,46315,10,2024-01-15,14.67
9096,46315,10,2024-01-16,16.07
9097,46315,10,2024-01-17,15.42
9098,46315,10,2024-01-18,16.1
9099,46315,10,2024-01-19,15.55
9100,46315,10,2024-01-20,16.2
9101,46315,10,2024-01-21,18.1
9102,46315,10,2024-01-22,17.2
9103,46315,10,2024-01-23,11.72
9104,46315,10,2024-01-24,19.55
9105,46315,10,2024-01-25,19.87
9106,46315,10,2024-01-26,18.3
9107,46315,10,2024-01-27,18.2
9108,46315,10,2024-01-28,18.5
9109,46315,10,2024-01-29,17.5
9110,46315,10,2024-01-30,18.4
9111,46315,10,2024-01-31,18.32
9113,46315,10,2024-02-01,17.54
9114,46315,10,2024-02-02,17.25
9115,46315,10,2024-02-03,19.08
9116,46315,10,2024-02-04,19.27
9117,46315,10,2024-02-05,18.75
9118,46315,10,2024-02-06,18.47
9119,46315,10,2024-02-07,18.65
9120,46315,10,2024-02-08,18.8
9121,46315,10,2024-02-09,19.2
9122,46315,10,2024-02-10,19.05
9123,46315,10,2024-02-11,18.83
9124,46315,10,2024-02-12,19.44
9125,46315,10,2024-02-13,19.1
9126,46315,10,2024-02-14,18.19
9127,46315,10,2024-02-15,19.53
9128,46315,10,2024-02-16,18.1
9129,46315,10,2024-02-17,17.2
9130,46315,10,2024-02-18,20.16
9131,46315,10,2024-02-19,19.55
9132,46315,10,2024-02-20,19.87
9133,46315,10,2024-02-21,18.3
9134,46315,10,2024-02-22,18.2
9135,46315,10,2024-02-23,12.0
9136,46315,10,2024-02-24,17.5
9137,46315,10,2024-02-25,18.4
9138,46315,10,2024-02-26,18.32
9139,46315,10,2024-02-27,17.54
9140,46315,10,2024-02-28,17.25
9141,46315,10,2024-02-29,19.08
9143,46315,10,2024-03-01,19.27
9144,46315,10,2024-03-02,18.75
9145,46315,10,2024-03-03,18.47
9146,46315,10,2024-03-04,18.65
9147,46315,10,2024-03-05,18.8
9148,46315,10,2024-03-06,19.2
9149,46315,10,2024-03-07,19.05
9150,46315,10,2024-03-08,18.83
9151,46315,10,2024-03-09,19.44
9152,46315,10,2024-03-10,19.1
9153,46315,10,2024-03-11,18.19
9154,46315,10,2024-03-12,19.53
9155,46315,10,2024-03-13,18.61
9156,46315,10,2024-03-14,18.45
9157,46315,10,2024-03-15,18.58
9158,46315,10,2024-03-16,18.4
9159,46315,10,2024-03-17,17.98
9160,46315,10,2024-03-18,18.99
9161,46315,10,2024-03-19,19.18
9162,46315,10,2024-03-20,18.34
9163,46315,10,2024-03-21,17.74
9164,46315,10,2024-03-22,16.9
9165,46315,10,2024-03-23,11.9
9166,46315,10,2024-03-24,16.94
9167,46315,10,2024-03-25,16.93
9168,46315,10,2024-03-26,17.19
9169,46315,10,2024-03-27,16.93
9170,46315,10,2024-03-28,15.98
9171,46315,10,2024-03-29,15.5
9172,46315,10,2024-03-30,16.32
9173,46315,10,2024-03-31,16.4
9175,46315,10,2024-04-01,12.6
9176,46315,10,2024-04-02,13.0
9177,46315,10,2024-04-03,17.23
9178,46315,10,2024-04-04,17.86
9179,46315,10,2024-04-05,17.88
9180,46315,10,2024-04-06,17.7
9181,46315,10,2024-04-07,17.65
9182,46315,10,2024-04-08,17.45
9183,46315,10,2024-04-09,17.2
9184,46315,10,2024-04-10,17.0
9185,46315,10,2024-04-11,16.4
9186,46315,10,2024-04-12,17.57
9187,46315,10,2024-04-13,16.17
9188,46315,10,2024-04-14,17.11
9189,46315,10,2024-04-15,15.58
9190,46315,10,2024-04-16,15.49
9191,46315,10,2024-04-17,17.3
9192,46315,10,2024-04-18,19.0
9193,46315,10,2024-04-19,18.46
9194,46315,10,2024-04-20,20.22
9195,46315,10,2024-04-21,18.69
9196,46315,10,2024-04-22,20.06
9197,46315,10,2024-04-23,12.81
9198,46315,10,2024-04-24,19.1
9199,46315,10,2024-04-25,19.43
9200,46315,10,2024-04-26,18.13
9201,46315,10,2024-04-27,18.85
9202,46315,10,2024-04-28,20.27
9203,46315,10,2024-04-29,18.8
9204,46315,10,2024-04-30,18.91
9206,46315,10,2024-05-01,18.38
9207,46315,10,2024-05-02,18.41
9208,46315,10,2024-05-03,19.45
9209,46315,10,2024-05-04,18.97
9210,46315,10,2024-05-05,20.72
9211,46315,10,2024-05-06,19.95
9212,46315,10,2024-05-07,20.14
9213,46315,10,2024-05-08,20.44
9214,46315,10,2024-05-09,20.08
9215,46315,10,2024-05-10,19.32
9216,46315,10,2024-05-11,19.35
9217,46315,10,2024-05-12,19.95
9218,46315,10,2024-05-13,19.96
9219,46315,10,2024-05-14,19.76
9220,46315,10,2024-05-15,19.2
9221,46315,10,2024-05-16,19.1
9222,46315,10,2024-05-17,18.41
9223,46315,10,2024-05-18,19.45
9224,46315,10,2024-05-19,18.97
9225,46315,10,2024-05-20,20.72
9226,46315,10,2024-05-21,19.95
9227,46315,10,2024-05-22,20.14
9228,46315,10,2024-05-23,20.44
9229,46315,10,2024-05-24,20.08
9230,46315,10,2024-05-25,19.32
9231,46315,10,2024-05-26,19.35
9232,46315,10,2024-05-27,19.95
9233,46315,10,2024-05-28,13.49
9234,46315,10,2024-05-29,19.76
9235,46315,10,2024-05-30,19.2
9236,46315,10,2024-05-31,19.1
9238,46315,10,2024-06-01,19.09
9239,46315,10,2024-06-02,22.15
9240,46315,10,2024-06-03,22.11
9241,46315,10,2024-06-04,19.69
9242,46315,10,2024-06-05,18.69
9243,46315,10,2024-06-06,19.05
9244,46315,10,2024-06-07,18.99
9245,46315,10,2024-06-08,18.47
9246,46315,10,2024-06-09,18.09
9247,46315,10,2024-06-10,17.4
9248,46315,10,2024-06-11,11.83
9249,46315,10,2024-06-12,13.5
9250,46315,10,2024-06-13,17.1
9251,46315,10,2024-06-14,17.4
9252,46315,10,2024-06-15,16.83
9253,46315,10,2024-06-16,16.5
9254,46315,10,2024-06-17,16.7
9255,46315,10,2024-06-18,16.5
9256,46315,10,2024-06-19,16.65
9257,46315,10,2024-06-20,18.83
9258,46315,10,2024-06-21,19.3
9259,46315,10,2024-06-22,11.44
9260,46315,10,2024-06-23,17.08
9261,46315,10,2024-06-24,17.45
9262,46315,10,2024-06-25,19.55
9263,46315,10,2024-06-26,19.51
9264,46315,10,2024-06-27,18.29
9265,46315,10,2024-06-28,19.3
9266,46315,10,2024-06-29,18.35
9267,46315,10,2024-06-30,18.68
9269,46315,10,2024-07-01,18.78
9270,46315,10,2024-07-02,19.55
9271,46315,10,2024-07-03,18.32
9272,46315,10,2024-07-04,19.0
9273,46315,10,2024-07-05,19.43
9274,46315,10,2024-07-06,18.04
9275,46315,10,2024-07-07,19.29
9276,46315,10,2024-07-08,20.3
9277,46315,10,2024-07-09,18.6
9278,46315,10,2024-07-10,18.6
9279,46315,10,2024-07-11,19.7
9280,46315,10,2024-07-12,19.15
9281,46315,10,2024-07-13,18.62
9282,46315,10,2024-07-14,15.55
9283,46315,10,2024-07-15,15.0
9284,46315,10,2024-07-16,14.67
9285,46315,10,2024-07-17,16.7
9286,46315,10,2024-07-18,16.5
9287,46315,10,2024-07-19,16.65
9288,46315,10,2024-07-20,18.83
9289,46315,10,2024-07-21,19.3
9290,46315,10,2024-07-22,17.33
9291,46315,10,2024-07-23,17.08
9292,46315,10,2024-07-24,17.45
9293,46315,10,2024-07-25,11.18
9294,46315,10,2024-07-26,19.51
9295,46315,10,2024-07-27,18.29
9296,46315,10,2024-07-28,19.3
9297,46315,10,2024-07-29,18.35
9298,46315,10,2024-07-30,18.68
9299,46315,10,2024-07-31,18.78
9301,46315,10,2024-08-01,16.0
9302,46315,10,2024-08-02,15.0
9303,46315,10,2024-08-03,13.25
9304,46315,10,2024-08-04,13.8
9305,46315,10,2024-08-05,14.0
9306,46315,10,2024-08-06,15.0
9307,46315,10,2024-08-07,16.0
9308,46315,10,2024-08-08,13.5
9309,46315,10,2024-08-09,14.0
9310,46315,10,2024-08-10,14.2
9311,46315,10,2024-08-11,14.4
9312,46315,10,2024-08-12,14.0
9313,46315,10,2024-08-13,14.0
9314,46315,10,2024-08-14,14.0
9315,46315,10,2024-08-15,15.0
9316,46315,10,2024-08-16,15.0
9317,46315,10,2024-08-17,11.0
9318,46315,10,2024-08-18,15.0
9319,46315,10,2024-08-19,12.0
9320,46315,10,2024-08-20,18.0
9321,46315,10,2024-08-21,19.0
9322,46315,10,2024-08-22,19.0
9323,46315,10,2024-08-23,18.45
9324,46315,10,2024-08-24,19.25
9325,46315,10,2024-08-25,12.13
9326,46315,10,2024-08-26,19.2
9327,46315,10,2024-08-27,19.0
9328,46315,10,2024-08-28,19.5
9329,46315,10,2024-08-29,20.45
9330,46315,10,2024-08-30,20.0
9331,46315,10,2024-08-31,19.5
